policy_id,detail_url,title,issuer,area,publish_date,period,max_amount,difficulty,start_fee,success_fee,support_url,support_urls_all,error
"64501","https://j-izumi.com/policy/64501/detail","西原町農業関係補助事業","","","","","1万5000円/頭","★☆☆☆☆","要相談","要相談","http://www.town.nishihara.okinawa.jp/news/231001/pdf/13-1news.pdf","https://www.town.nishihara.okinawa.jp/news/231001/13-1news.html | http://www.town.nishihara.okinawa.jp/news/231001/pdf/13-1news.pdf",""
"64513","https://j-izumi.com/policy/64513/detail","北九州市事業承継調査活動等補助金","","","","","50万円","★☆☆☆☆","要相談","要相談","https://www.city.kitakyushu.lg.jp/files/001048967.pdf","https://www.city.kitakyushu.lg.jp/san-kei/10700377.html | https://www.city.kitakyushu.lg.jp/files/001048967.pdf",""
"64518","https://j-izumi.com/policy/64518/detail","中小企業(農業事業者含む)の生産性向上を支援します","","","","","","★☆☆☆☆","要相談","要相談","https://www.town.nakafurano.lg.jp/hotnews/detail/00001326.html","https://www.town.nakafurano.lg.jp/hotnews/detail/00001326.html",""
"64524","https://j-izumi.com/policy/64524/detail","門真市保育士等確保事業","","","","","","★☆☆☆☆","要相談","要相談","https://www.city.kadoma.osaka.jp/kosodate/kosodate/23819.html","https://www.city.kadoma.osaka.jp/kosodate/kosodate/23819.html",""
"64535","https://j-izumi.com/policy/64535/detail","京田辺市高齢者スマートフォン講習会開催事業補助金交付事業","","","","","2万円","★☆☆☆☆","要相談","要相談","https://www.city.kyotanabe.lg.jp/0000019392.html","https://www.city.kyotanabe.lg.jp/0000019392.html",""
"64536","https://j-izumi.com/policy/64536/detail","中野市有害鳥獣対策事業補助金","","","","","10万円","★☆☆☆☆","要相談","要相談","https://www.city.nakano.nagano.jp/docs/2023050600011/","https://www.city.nakano.nagano.jp/docs/2023050600011/",""
"64540","https://j-izumi.com/policy/64540/detail","介護福祉士養成校就学生への奨学金等支給支援事業費補助金","","","","","","★☆☆☆☆","要相談","要相談","https://www.city.goto.nagasaki.jp/s033/020/020/010/020/20230919154119.html","https://www.city.goto.nagasaki.jp/s033/020/020/010/020/20230919154119.html",""
"64550","https://j-izumi.com/policy/64550/detail","商店会等に対する支援","","","","","","★☆☆☆☆","要相談","要相談","https://www.city.kodaira.tokyo.jp/kurashi/038/038837.html?ref=rss","https://www.city.kodaira.tokyo.jp/kurashi/038/038837.html?ref=rss",""
"64559","https://j-izumi.com/policy/64559/detail","墨田区公衆喫煙所設置等助成制度","","","","","500万円","★★★☆☆","要相談","要相談","https://www.city.sumida.lg.jp/kurashi/volunteer/rojyou_kinnen/settizyosei.files/panfuret.pdf","https://www.city.sumida.lg.jp/kurashi/volunteer/rojyou_kinnen/settizyosei.html | https://www.city.sumida.lg.jp/kurashi/volunteer/rojyou_kinnen/settizyosei.files/panfuret.pdf",""
"64567","https://j-izumi.com/policy/64567/detail","中小企業振興対策事業補助金","","","","","20万円","★☆☆☆☆","要相談","要相談","https://www.city.osaka-izumi.lg.jp/material/files/group/113/20230928_chushohojochirashi.pdf","https://www.city.osaka-izumi.lg.jp/kakukano/sangyoubu/sangyosinkositu/syoukoukanko/gyoumu/tyuushoukigyou/chusho_shien.html | https://www.city.osaka-izumi.lg.jp/material/files/group/113/20230928_chushohojochirashi.pdf",""
"64590","https://j-izumi.com/policy/64590/detail","骨髄等移植ドナー支援事業","","","","","14万円","★☆☆☆☆","要相談","要相談","https://www.city.yachimata.lg.jp/soshiki/15/24864.html","https://www.city.yachimata.lg.jp/soshiki/15/24864.html",""
"64612","https://j-izumi.com/policy/64612/detail","とりぎん青い鳥基金","","","","","50万円","★☆☆☆☆","要相談","要相談","https://www.tottoribank.co.jp/torigin/csr/kikin/img/2024kikin.pdf","https://www.tottoribank.co.jp/torigin/csr/kikin/offer.html | https://www.tottoribank.co.jp/torigin/csr/kikin/img/2024kikin.pdf",""
"64630","https://j-izumi.com/policy/64630/detail","中小企業退職金共済制度奨励補助金","","","","","5000円/人","★☆☆☆☆","要相談","要相談","https://www.town.kaisei.kanagawa.jp/info/182","https://www.town.kaisei.kanagawa.jp/info/182",""
"64636","https://j-izumi.com/policy/64636/detail","町産の農水産物を活用した商品開発事業補助金","","","","","50万円","★☆☆☆☆","要相談","要相談","https://www.town.tadotsu.kagawa.jp/shigoto_sangyo/shokogyo/kigyo_sogyoshien/1401.html","https://www.town.tadotsu.kagawa.jp/shigoto_sangyo/shokogyo/kigyo_sogyoshien/1401.html",""
"64640","https://j-izumi.com/policy/64640/detail","小口資金特別保証制度","","","","","20万円","★☆☆☆☆","要相談","要相談","https://www.town.sannohe.aomori.jp/oshirase/4017.html","https://www.town.sannohe.aomori.jp/oshirase/4017.html",""
"64652","https://j-izumi.com/policy/64652/detail","鳥取県木育推進モデル支援事業","","","","","40万円","★☆☆☆☆","要相談","要相談","https://www.pref.tottori.lg.jp/secure/1338516/R5-2mokuikuchirashi.pdf","https://www.pref.tottori.lg.jp/314399.htm | https://www.pref.tottori.lg.jp/secure/1338516/R5-2mokuikuchirashi.pdf",""
"64655","https://j-izumi.com/policy/64655/detail","2023年度 福島空港利活用促進事業(新型コロナウイルス経済対策)","","","","","2万円/人","★☆☆☆☆","要相談","要相談","https://www.vill.tamakawa.fukushima.jp/guide/project/assets/2023%E8%A3%9C%E5%8A%A9%E9%87%91%E3%81%AE%E6%A6%82%E8%A6%81.pdf","https://www.vill.tamakawa.fukushima.jp/guide/project/000174.html | https://www.vill.tamakawa.fukushima.jp/guide/project/assets/2023%E8%A3%9C%E5%8A%A9%E9%87%91%E3%81%AE%E6%A6%82%E8%A6%81.pdf",""
"64663","https://j-izumi.com/policy/64663/detail","福岡県FinTech導入補助金","","","","","100万円","★☆☆☆☆","要相談","要相談","https://www.pref.fukuoka.lg.jp/uploaded/life/657788_61491779_misc.pdf","https://www.pref.fukuoka.lg.jp/contents/kinnyuuhojyoseido.html | https://www.pref.fukuoka.lg.jp/uploaded/life/657788_61491779_misc.pdf",""
"64665","https://j-izumi.com/policy/64665/detail","遊休農地の耕作再開補助金","","","","","5万円","★☆☆☆☆","要相談","要相談","https://www.town.nagatoro.saitama.jp/sangyou-doboku-kenchiku/%e9%81%8a%e4%bc%91%e8%be%b2%e5%9c%b0%e3%81%ae%e8%80%95%e4%bd%9c%e5%86%8d%e9%96%8b%e8%a3%9c%e5%8a%a9%e9%87%91%e3%81%ab%e3%81%a4%e3%81%84%e3%81%a6/","https://www.town.nagatoro.saitama.jp/sangyou-doboku-kenchiku/%e9%81%8a%e4%bc%91%e8%be%b2%e5%9c%b0%e3%81%ae%e8%80%95%e4%bd%9c%e5%86%8d%e9%96%8b%e8%a3%9c%e5%8a%a9%e9%87%91%e3%81%ab%e3%81%a4%e3%81%84%e3%81%a6/",""
"64674","https://j-izumi.com/policy/64674/detail","芳賀町立小中学校児童生徒各種大会参加費補助金","","","","","800円/日","★☆☆☆☆","要相談","要相談","http://www.town.tochigi-haga.lg.jp/kurashi/ninshin/taikaihojo.html","http://www.town.tochigi-haga.lg.jp/kurashi/ninshin/taikaihojo.html",""
"64688","https://j-izumi.com/policy/64688/detail","綾川町肥料価格高騰対策事業補助金","","","","","100万円","★☆☆☆☆","要相談","要相談","https://www.town.ayagawa.lg.jp/docs/2023051600010/","https://www.town.ayagawa.lg.jp/docs/2023051600010/",""
"64693","https://j-izumi.com/policy/64693/detail","多度津町農業者収入保険加入促進事業費補助金","","","","","5万円","★☆☆☆☆","要相談","要相談","https://www.town.tadotsu.kagawa.jp/shigoto_sangyo/norinsuisangyo/nogyo/2882.html","https://www.town.tadotsu.kagawa.jp/shigoto_sangyo/norinsuisangyo/nogyo/2882.html",""
"64706","https://j-izumi.com/policy/64706/detail","川根本町介護職員研修等補助金","","","","","5万円","★☆☆☆☆","要相談","要相談","https://www.town.kawanehon.shizuoka.jp/soshiki/koreishahukushi/chojukaigo/koreisha/12855.html","https://www.town.kawanehon.shizuoka.jp/soshiki/koreishahukushi/chojukaigo/koreisha/12855.html",""
"64718","https://j-izumi.com/policy/64718/detail","岩美町がんばる商工業者総合支援事業補助金","","","","","50万円","★★☆☆☆","要相談","要相談","https://www.iwami.gr.jp/item/12762.htm#itemid12762","https://www.iwami.gr.jp/item/12762.htm#itemid12762",""
"64723","https://j-izumi.com/policy/64723/detail","有害鳥獣侵入防止柵の設置助成","","","","","","★☆☆☆☆","要相談","要相談","https://www.town-kofu.jp/2/seido/v340/c786/","https://www.town-kofu.jp/2/seido/v340/c786/",""
"64732","https://j-izumi.com/policy/64732/detail","企業成長のための人材育成支援事業 宮崎市中小企業大学校派遣補助金(製造業限定)","","","","","10万円/年","★☆☆☆☆","要相談","要相談","https://www.city.miyazaki.miyazaki.jp/fs/7/6/8/5/1/0/_/768510.pdf","https://www.city.miyazaki.miyazaki.jp/business/loan/341338.html | https://www.city.miyazaki.miyazaki.jp/fs/7/6/8/5/1/0/_/768510.pdf",""
"64738","https://j-izumi.com/policy/64738/detail","民間活力推進事業補助金","","","","","40万円","★☆☆☆☆","要相談","要相談","https://www.asukamura.jp/files/machizukuri_crowdfunding_01.pdf","https://www.asukamura.jp/kurashi_machizukuri_sonota_jigyo_crowdfunding.html | https://www.asukamura.jp/files/machizukuri_crowdfunding_01.pdf",""
"64739","https://j-izumi.com/policy/64739/detail","江府町農業担い手経営体支援事業","","","","","","★☆☆☆☆","要相談","要相談","https://www.town-kofu.jp/2/seido/v340/n757/","https://www.town-kofu.jp/2/seido/v340/n757/",""
"64744","https://j-izumi.com/policy/64744/detail","企業DX推進補助金","","","","","50万円","★☆☆☆☆","要相談","要相談","https://www.city.murayama.lg.jp/jigyosha/sho_kogyo/kigyoDXsuisinhojokin.html","https://www.city.murayama.lg.jp/jigyosha/sho_kogyo/kigyoDXsuisinhojokin.html",""
"64745","https://j-izumi.com/policy/64745/detail","チャレンジ支援事業補助金","","","","","50万円","★☆☆☆☆","要相談","要相談","https://www.town-kofu.jp/2/1/6/14-copy/e100/","https://www.town-kofu.jp/2/1/6/14-copy/e100/",""
"64747","https://j-izumi.com/policy/64747/detail","創業促進支援事業","","","","","100万円","★☆☆☆☆","要相談","要相談","https://www.town.tohnosho.chiba.jp/shigoto_sangyo/sangyoshinko/kigyo_sogyoshien/2076.html","https://www.town.tohnosho.chiba.jp/shigoto_sangyo/sangyoshinko/kigyo_sogyoshien/2076.html",""
"64751","https://j-izumi.com/policy/64751/detail","紫波町空家等対策総合支援事業補助金","","","","","100万円","★☆☆☆☆","要相談","要相談","https://www.town.shiwa.iwate.jp/soshiki/4/2_13_3/169717181322177","https://www.town.shiwa.iwate.jp/soshiki/4/2_13_3/169717181322177",""
"64768","https://j-izumi.com/policy/64768/detail","沖合底びき網漁船代船建造推進事業","","","","","","★☆☆☆☆","要相談","要相談","https://www.iwami.gr.jp/2858.htm","https://www.iwami.gr.jp/2858.htm",""
"64778","https://j-izumi.com/policy/64778/detail","畜産環境保全対策事業(家畜排せつ物等流通支援事業)","","","","","150万円","★★☆☆☆","要相談","要相談","https://www.pref.fukushima.lg.jp/sec/36021d/tikusannkannkyouhozenn.html","https://www.pref.fukushima.lg.jp/sec/36021d/tikusannkannkyouhozenn.html",""
"64800","https://j-izumi.com/policy/64800/detail","（令和5年度）医療的ケア者受入れ促進事業補助金","","","","","","★★☆☆☆","要相談","要相談","https://www.city.suita.osaka.jp/kenko/1018669/1022377/1029290.html","https://www.city.suita.osaka.jp/kenko/1018669/1022377/1029290.html",""
"64801","https://j-izumi.com/policy/64801/detail","瀬戸内町果樹産地育成助成事業","","","","","","★☆☆☆☆","要相談","要相談","http://www.town.setouchi.lg.jp/nousei/kajunaegikonyuhijosei.html","http://www.town.setouchi.lg.jp/nousei/kajunaegikonyuhijosei.html",""
"64802","https://j-izumi.com/policy/64802/detail","各種大会県外等派遣費補助金","","","","","4万7000円/人","★☆☆☆☆","要相談","要相談","https://www.city.okinawa.okinawa.jp/documents/18958/setsumeishiryo01.pdf","https://www.city.okinawa.okinawa.jp/k030-002/contents/p00005.html | https://www.city.okinawa.okinawa.jp/documents/18958/setsumeishiryo01.pdf",""
"64804","https://j-izumi.com/policy/64804/detail","集会所等建設事業補助金","","","","","500万円","★☆☆☆☆","要相談","要相談","https://www.city.shiroishi.miyagi.jp/soshiki/1/29153.html","https://www.city.shiroishi.miyagi.jp/soshiki/1/29153.html",""
"64808","https://j-izumi.com/policy/64808/detail","文化芸術活動促進補助金","","","","","12万円","★☆☆☆☆","要相談","要相談","https://www.city.hakodate.hokkaido.jp/docs/2023090600064/files/annai.pdf","https://www.city.hakodate.hokkaido.jp/docs/2023090600064/ | https://www.city.hakodate.hokkaido.jp/docs/2023090600064/files/annai.pdf",""
"64809","https://j-izumi.com/policy/64809/detail","訪問看護師等育成支援事業補助金","","","","","3万5000円/人","★☆☆☆☆","要相談","要相談","https://www.city.hatsukaichi.hiroshima.jp/soshiki/38/51638.html","https://www.city.hatsukaichi.hiroshima.jp/soshiki/38/51638.html",""
"64810","https://j-izumi.com/policy/64810/detail","富良野市記念誌等作成事業補助金","","","","","30万円","★☆☆☆☆","要相談","要相談","https://www.city.furano.hokkaido.jp/life/docs/2017122800034.html","https://www.city.furano.hokkaido.jp/life/docs/2017122800034.html",""
"64811","https://j-izumi.com/policy/64811/detail","景観形成事業費補助金","","","","","200万円","★☆☆☆☆","要相談","要相談","https://www.city.shimada.shizuoka.jp/gyosei-docs/keikankeiseijigyouhihojokin.html","https://www.city.shimada.shizuoka.jp/gyosei-docs/keikankeiseijigyouhihojokin.html",""
"64839","https://j-izumi.com/policy/64839/detail","子ども食堂運営応援補助金","","","","","10万円","★☆☆☆☆","要相談","要相談","https://www.city.natori.miyagi.jp/soshiki/kenkou/kodomoshien/node_83888/node_102291","https://www.city.natori.miyagi.jp/soshiki/kenkou/kodomoshien/node_83888/node_102291",""
"64840","https://j-izumi.com/policy/64840/detail","被災農業者への収入保険保険料補助","","","","","","★☆☆☆☆","要相談","要相談","https://www.pref.fukuoka.lg.jp/contents/syunyuhoken-hozyo.html","https://www.pref.fukuoka.lg.jp/contents/syunyuhoken-hozyo.html",""
"64842","https://j-izumi.com/policy/64842/detail","電気自動車普及促進・災害時活用促進事業補助金","","","","","","★☆☆☆☆","要相談","要相談","https://gov.town.shimane-misato.lg.jp/information/information01/2052","https://gov.town.shimane-misato.lg.jp/information/information01/2052",""
"64843","https://j-izumi.com/policy/64843/detail","熊本港利用促進トライアル事業補助金","","","","","50万円","★☆☆☆☆","要相談","要相談","https://www.city.kumamoto.jp/hpKiji/pub/detail.aspx?c_id=5&id=51051&class_set_id=2&class_id=192","https://www.city.kumamoto.jp/hpKiji/pub/detail.aspx?c_id=5&id=51051&class_set_id=2&class_id=192",""
"64844","https://j-izumi.com/policy/64844/detail","飲用水等給水施設整備事業費補助金","","","","","100万円/戸","★☆☆☆☆","要相談","要相談","https://www.city.kanuma.tochigi.jp/0451/info-0000008618-1.html","https://www.city.kanuma.tochigi.jp/0451/info-0000008618-1.html",""
"64857","https://j-izumi.com/policy/64857/detail","ネクストニッチトップ企業育成事業","","","","","200万円","★★☆☆☆","要相談","要相談","https://www.pref.ishikawa.lg.jp/syoko/next-nichetop/next-nichetop-index.html","https://www.pref.ishikawa.lg.jp/syoko/next-nichetop/next-nichetop-index.html",""
"64859","https://j-izumi.com/policy/64859/detail","日本遺産関連商品・サービス開発等支援事業補助金","","","","","20万円","★☆☆☆☆","要相談","要相談","https://www.city.takahashi.lg.jp/soshiki/9/nihonisannhojo.html","https://www.city.takahashi.lg.jp/soshiki/9/nihonisannhojo.html",""
"64872","https://j-izumi.com/policy/64872/detail","農業新規参入促進事業","","","","","400万円","★★★☆☆","要相談","要相談","https://www.city.nagasaki.lg.jp/jigyo/370000/378000/p010036.html","https://www.city.nagasaki.lg.jp/jigyo/370000/378000/p010036.html",""
"64886","https://j-izumi.com/policy/64886/detail","農業次世代人材投資事業(経営開始型)","","","","","150万円","★★☆☆☆","要相談","要相談","https://www.city.takasaki.gunma.jp/docs/2014010802071/","https://www.city.takasaki.gunma.jp/docs/2014010802071/",""
"64887","https://j-izumi.com/policy/64887/detail","夕張市企業開発促進条例（過疎地域における固定資産税免除）","","","","","","★☆☆☆☆","要相談","要相談","https://www.city.yubari.lg.jp/gyoseijoho/sangyobushiness/shokogyo/syoukoc20211214.html","https://www.city.yubari.lg.jp/gyoseijoho/sangyobushiness/shokogyo/syoukoc20211214.html",""
"64893","https://j-izumi.com/policy/64893/detail","大館市森林整備促進対策事業","","","","","","★☆☆☆☆","要相談","要相談","https://www.city.odate.lg.jp/uploads/public/pages_0000010592_00/%E5%A4%A7%E9%A4%A8%E5%B8%82%E6%A3%AE%E6%9E%97%E6%95%B4%E5%82%99%E4%BF%83%E9%80%B2%E5%AF%BE%E7%AD%96%E4%BA%8B%E6%A5%AD/%E5%A4%A7%E9%A4%A8%E5%B8%82%E6%A3%AE%E6%9E%97%E6%95%B4%E5%82%99%E4%BF%83%E9%80%B2%E5%AF%BE%E7%AD%96%E4%BA%8B%E6%A5%AD%E3%83%91%E3%83%B3%E3%83%95%E3%83%AC%E3%83%83%E3%83%88.pdf","https://www.city.odate.lg.jp/city/soshiki/shinrin/p10592 | https://www.city.odate.lg.jp/uploads/public/pages_0000010592_00/%E5%A4%A7%E9%A4%A8%E5%B8%82%E6%A3%AE%E6%9E%97%E6%95%B4%E5%82%99%E4%BF%83%E9%80%B2%E5%AF%BE%E7%AD%96%E4%BA%8B%E6%A5%AD/%E5%A4%A7%E9%A4%A8%E5%B8%82%E6%A3%AE%E6%9E%97%E6%95%B4%E5%82%99%E4%BF%83%E9%80%B2%E5%AF%BE%E7%AD%96%E4%BA%8B%E6%A5%AD%E3%83%91%E3%83%B3%E3%83%95%E3%83%AC%E3%83%83%E3%83%88.pdf",""
"64895","https://j-izumi.com/policy/64895/detail","危険ブロック塀等撤去・築造事業費補助金","","","","","15万円","★☆☆☆☆","要相談","要相談","https://www.town.ogano.lg.jp/kurashi-tetsuzuki/sumai-sien/kikenblock/","https://www.town.ogano.lg.jp/kurashi-tetsuzuki/sumai-sien/kikenblock/",""
"64911","https://j-izumi.com/policy/64911/detail","天空の里エリア出店支援事業補助制度","","","","","50万円","★☆☆☆☆","要相談","要相談","https://www.city.abashiri.hokkaido.jp/340syogyo/TENNKUU.html","https://www.city.abashiri.hokkaido.jp/340syogyo/TENNKUU.html",""
"64912","https://j-izumi.com/policy/64912/detail","起業化支援事業補助制度","","","","","50万円","★☆☆☆☆","要相談","要相談","https://www.city.abashiri.hokkaido.jp/soshiki/18/2418.html","https://www.city.abashiri.hokkaido.jp/soshiki/18/2418.html",""
"64914","https://j-izumi.com/policy/64914/detail","岩見沢市新規就農サポート事業【新規就農サポート事業】","","","","","","★☆☆☆☆","要相談","要相談","https://www.city.iwamizawa.hokkaido.jp/soshiki/nomuka/sangyo/1/1/1/2832.html","https://www.city.iwamizawa.hokkaido.jp/soshiki/nomuka/sangyo/1/1/1/2832.html",""
"64915","https://j-izumi.com/policy/64915/detail","岩見沢市新規就農サポート事業【新規参入支援事業】","","","","","","★☆☆☆☆","要相談","要相談","https://www.city.iwamizawa.hokkaido.jp/soshiki/nomuka/sangyo/1/1/1/2832.html","https://www.city.iwamizawa.hokkaido.jp/soshiki/nomuka/sangyo/1/1/1/2832.html",""
"64948","https://j-izumi.com/policy/64948/detail","酒田市食育交流活動サポーター助成金","","","","","5,000円","★☆☆☆☆","要相談","要相談","https://www.city.sakata.lg.jp/sangyo/nogyo/shohi_hanrokakudai/nosei022023031614181.html","https://www.city.sakata.lg.jp/sangyo/nogyo/shohi_hanrokakudai/nosei022023031614181.html",""
"64967","https://j-izumi.com/policy/64967/detail","中小企業活性化事業補助金","","","","","50万円","★☆☆☆☆","要相談","要相談","https://www.samukawa-eg.jp/sienjyouhou-2/#a8","https://www.samukawa-eg.jp/sienjyouhou-2/#a8",""
"64973","https://j-izumi.com/policy/64973/detail","岡山市地域公共交通運転手養成事業補助金","","","","","30万円/人","★☆☆☆☆","要相談","要相談","https://www.city.okayama.jp/jigyosha/cmsfiles/contents/0000052/52342/tirashi.pdf","https://www.city.okayama.jp/jigyosha/0000052342.html | https://www.city.okayama.jp/jigyosha/cmsfiles/contents/0000052/52342/tirashi.pdf",""
"64980","https://j-izumi.com/policy/64980/detail","環境保全林整備事業","","","","","3万8000円/1haあたり","★☆☆☆☆","要相談","要相談","https://www.pref.gifu.lg.jp/page/9163.html","https://www.pref.gifu.lg.jp/page/9163.html",""
"64986","https://j-izumi.com/policy/64986/detail","上天草市海運振興対策事業（1.新規船員雇用育成事業補助金）","","","","","月額6万円/人","★☆☆☆☆","要相談","要相談","https://www.city.kamiamakusa.kumamoto.jp/q/aview/400/18235.html","https://www.city.kamiamakusa.kumamoto.jp/q/aview/400/18235.html",""
"64989","https://j-izumi.com/policy/64989/detail","上天草市海運振興対策事業（2.新規海技免許取得事業補助金）","","","","","70万円/人","★☆☆☆☆","要相談","要相談","https://www.city.kamiamakusa.kumamoto.jp/q/aview/400/18235.html","https://www.city.kamiamakusa.kumamoto.jp/q/aview/400/18235.html",""
"64990","https://j-izumi.com/policy/64990/detail","三島市民間建築物吹付けアスベスト対策事業制度","","","","","120万円","★☆☆☆☆","要相談","要相談","https://www.city.mishima.shizuoka.jp/ipn003029.html","https://www.city.mishima.shizuoka.jp/ipn003029.html",""
"65004","https://j-izumi.com/policy/65004/detail","豊能町自主防災避難活動環境整備助成金","","","","","30万円","★☆☆☆☆","要相談","要相談","https://www.town.toyono.osaka.jp/page/page006218.html","https://www.town.toyono.osaka.jp/page/page006218.html",""
"65007","https://j-izumi.com/policy/65007/detail","日向市中小企業等商談会等出展支援事業補助金","","","","","15万円","★☆☆☆☆","要相談","要相談","https://www.hyugacity.jp/display.php?cont=231017160129","https://www.hyugacity.jp/display.php?cont=231017160129",""
"65015","https://j-izumi.com/policy/65015/detail","創業支援事業補助金","","","","","100万円","★★☆☆☆","要相談","要相談","https://www.vill.nagano-toyooka.lg.jp/10sangyou/02shougyou/sougyoshien.html","https://www.vill.nagano-toyooka.lg.jp/10sangyou/02shougyou/sougyoshien.html",""
"65020","https://j-izumi.com/policy/65020/detail","地域おこし協力隊定着支援金","","","","","100万円","★★☆☆☆","要相談","要相談","https://www.pref.fukui.lg.jp/doc/wakatei/chiokoshien.html","https://www.pref.fukui.lg.jp/doc/wakatei/chiokoshien.html",""
"65025","https://j-izumi.com/policy/65025/detail","敦賀まちづくり魅力UP応援補助金","","","","","2,000万円","★★★☆☆","要相談","要相談","http://www.tsuruga.or.jp/top/subsidy/pdf/R41201_subsidy/Flyer.pdf","https://www.tsuruga.or.jp/top/subsidy/R41201_subsidy.html | http://www.tsuruga.or.jp/top/subsidy/pdf/R41201_subsidy/Flyer.pdf",""
"65032","https://j-izumi.com/policy/65032/detail","日向市中小企業等人材育成支援事業補助金","","","","","10万円","★☆☆☆☆","要相談","要相談","https://www.hyugacity.jp/display.php?cont=231018180856","https://www.hyugacity.jp/display.php?cont=231018180856",""
"65037","https://j-izumi.com/policy/65037/detail","ふくい物価高騰対策賃金アップ応援事業","","","","","","★☆☆☆☆","要相談","要相談","https://www.pref.fukui.lg.jp/doc/rousei/tinginup_d/fil/tirashi.pdf","https://www.pref.fukui.lg.jp/doc/rousei/tinginup.html | https://www.pref.fukui.lg.jp/doc/rousei/tinginup_d/fil/tirashi.pdf",""
"65047","https://j-izumi.com/policy/65047/detail","安田町住宅用太陽光発電システム等設置費補助金","","","","","60万円","★☆☆☆☆","要相談","要相談","https://www.town.yasuda.kochi.jp/life/dtl.php?hdnKey=1452","https://www.town.yasuda.kochi.jp/life/dtl.php?hdnKey=1452",""
"65049","https://j-izumi.com/policy/65049/detail","敦賀市出会いの場創出支援事業費補助金","","","","","20万円","★☆☆☆☆","要相談","要相談","https://www.city.tsuruga.lg.jp/about_city/news_from_division/kikakuseisaku_bu/h-sousei_ka/deainoba-hojokin.html","https://www.city.tsuruga.lg.jp/about_city/news_from_division/kikakuseisaku_bu/h-sousei_ka/deainoba-hojokin.html | https://www.city.tsuruga.lg.jp/cgi-bin/formmail/formmail.cgi?d=0312000",""
"65057","https://j-izumi.com/policy/65057/detail","綾町介護人材確保事業補助金","","","","","4万円","★☆☆☆☆","要相談","要相談","https://www.town.aya.miyazaki.jp/soshiki/hukusihokenka/7199.html","https://www.town.aya.miyazaki.jp/soshiki/hukusihokenka/7199.html | https://www.town.aya.miyazaki.jp/form/detail.php?sec_sec1=5&inq=07",""
"65066","https://j-izumi.com/policy/65066/detail","（商店街活性化事業）にぎわいのあるまちづくり事業補助金","","","","","5,000万円","★★★☆☆","要相談","要相談","https://www.city.itabashi.tokyo.jp/bunka/sangyo/shotengai/1005393.html","https://www.city.itabashi.tokyo.jp/bunka/sangyo/shotengai/1005393.html",""
"65067","https://j-izumi.com/policy/65067/detail","（商店街活性化事業）地域連携型商店街事業費補助金","","","","","1億円","★★★★☆","要相談","要相談","https://www.city.itabashi.tokyo.jp/bunka/sangyo/shotengai/1005393.html","https://www.city.itabashi.tokyo.jp/bunka/sangyo/shotengai/1005393.html",""
"65072","https://j-izumi.com/policy/65072/detail","オーベルジュ誘致推進事業補助金","","","","","2.5億円","★★★★★","要相談","要相談","https://www.pref.fukui.lg.jp/doc/brandeigyou/o-beruzyu.html","https://www.pref.fukui.lg.jp/doc/brandeigyou/o-beruzyu.html",""
"65080","https://j-izumi.com/policy/65080/detail","中小企業ＧＸ戦略設備導入補助金","","","","","","★★☆☆☆","要相談","要相談","https://www.town.kaisei.kanagawa.jp/info/1840","https://www.town.kaisei.kanagawa.jp/info/1840",""
"65088","https://j-izumi.com/policy/65088/detail","高齢者等ごみ出し支援事業補助金","","","","","5万円","★☆☆☆☆","要相談","要相談","https://www.city.tsuruoka.lg.jp/kurashi/gomi-seikatsu/kakushuseido/shien.files/chirashi.pdf","https://www.city.tsuruoka.lg.jp/kurashi/gomi-seikatsu/kakushuseido/shien.html | https://www.city.tsuruoka.lg.jp/kurashi/gomi-seikatsu/kakushuseido/shien.files/chirashi.pdf",""
"65100","https://j-izumi.com/policy/65100/detail","瀬戸内市空き家活用事業所開設支援補助金","","","","","100万円","★★☆☆☆","要相談","要相談","https://www.city.setouchi.lg.jp/uploaded/attachment/117313.pdf","https://www.city.setouchi.lg.jp/soshiki/8/137469.html | https://www.city.setouchi.lg.jp/uploaded/attachment/117313.pdf",""
"65108","https://j-izumi.com/policy/65108/detail","地域コミュニティ振興事業補助金","","","","","100万円","★☆☆☆☆","要相談","要相談","https://www.city.kuji.iwate.jp/kurashi/chikizukuri/entry_1.html","https://www.city.kuji.iwate.jp/kurashi/chikizukuri/entry_1.html",""
"65111","https://j-izumi.com/policy/65111/detail","中小企業成長支援補助金","","","","","5万円","★☆☆☆☆","要相談","要相談","https://www.city.yamaguchi.lg.jp/soshiki/63/148958.html","https://www.city.yamaguchi.lg.jp/soshiki/63/148958.html",""
"65169","https://j-izumi.com/policy/65169/detail","武雄市ため池治水活用事業補助金","","","","","10万6,000円","★☆☆☆☆","要相談","要相談","https://www.city.takeo.lg.jp/benri/anzen/012407.html","https://www.city.takeo.lg.jp/benri/anzen/012407.html",""
"65178","https://j-izumi.com/policy/65178/detail","施設園芸省エネルギー化緊急対策事業","","","","","70万円/10a","★☆☆☆☆","要相談","要相談","https://www.pref.iwate.jp/sangyoukoyou/nougyou/seisan/1057795.html","https://www.pref.iwate.jp/sangyoukoyou/nougyou/seisan/1057795.html",""
"65185","https://j-izumi.com/policy/65185/detail","土地改良事業","","","","","","★☆☆☆☆","要相談","要相談","https://www.town.manno.lg.jp/kurashi/kurashi_guide/sangyo/nogyo_nochi/entry-558.html","https://www.town.manno.lg.jp/kurashi/kurashi_guide/sangyo/nogyo_nochi/entry-558.html",""
"65187","https://j-izumi.com/policy/65187/detail","市街地再開発事業","","","","","","★★★★★","要相談","要相談","https://www.pref.fukushima.lg.jp/sec/41065b/saikaihatu.html","https://www.pref.fukushima.lg.jp/sec/41065b/saikaihatu.html",""
"65188","https://j-izumi.com/policy/65188/detail","街なみ環境整備事業","","","","","","★★★★☆","要相談","要相談","https://www.pref.fukushima.lg.jp/sec/41065b/matikan.html","https://www.pref.fukushima.lg.jp/sec/41065b/matikan.html",""
"65190","https://j-izumi.com/policy/65190/detail","優良建築物等整備事業","","","","","","★★★★★","要相談","要相談","https://www.pref.fukushima.lg.jp/sec/41065b/yuuken.html","https://www.pref.fukushima.lg.jp/sec/41065b/yuuken.html",""
"65191","https://j-izumi.com/policy/65191/detail","住宅市街地基盤整備事業","","","","","","★★★★★","要相談","要相談","https://www.pref.fukushima.lg.jp/sec/41065b/shigaitikiban.html","https://www.pref.fukushima.lg.jp/sec/41065b/shigaitikiban.html",""
"65213","https://j-izumi.com/policy/65213/detail","広野町農業担い手確保支援事業補助金（農業者大型特殊自動車免許等取得支援事業）","","","","","8万円","★☆☆☆☆","要相談","要相談","https://www.town.hirono.fukushima.jp/business/nourinsuisan/1001688/1004299/1004302.html","https://www.town.hirono.fukushima.jp/business/nourinsuisan/1001688/1004299/1004302.html",""
"65215","https://j-izumi.com/policy/65215/detail","広野町農業担い手確保支援事業補助金（新規就農者確保促進事業）","","","","","10万円/月","★☆☆☆☆","要相談","要相談","https://www.town.hirono.fukushima.jp/business/nourinsuisan/1001688/1004299/1004300.html","https://www.town.hirono.fukushima.jp/business/nourinsuisan/1001688/1004299/1004300.html",""
"65220","https://j-izumi.com/policy/65220/detail","広野町農業担い手確保支援事業補助金（新規就農者経営支援事業）","","","","","100万円","★☆☆☆☆","要相談","要相談","https://www.town.hirono.fukushima.jp/business/nourinsuisan/1001688/1004299/1004301.html","https://www.town.hirono.fukushima.jp/business/nourinsuisan/1001688/1004299/1004301.html",""
"65248","https://j-izumi.com/policy/65248/detail","サフォーク種めん羊生産基盤整備費補助金","","","","","250万円","★★☆☆☆","要相談","要相談","https://www.city.shibetsu.lg.jp/gyoseisaito/shigoto_sangyo/nogyo_chikusangyo/1/4413.html","https://www.city.shibetsu.lg.jp/gyoseisaito/shigoto_sangyo/nogyo_chikusangyo/1/4413.html",""
"65255","https://j-izumi.com/policy/65255/detail","就農の支援制度","","","","","","★☆☆☆☆","要相談","要相談","https://www.city.shibetsu.lg.jp/gyoseisaito/shigoto_sangyo/nogyo_chikusangyo/1/2355.html","https://www.city.shibetsu.lg.jp/gyoseisaito/shigoto_sangyo/nogyo_chikusangyo/1/2355.html",""
"65258","https://j-izumi.com/policy/65258/detail","下関市ファミリー・サポート・センター事業援助活動臨時助成金","","","","","200円/1人","★☆☆☆☆","要相談","要相談","https://www.city.shimonoseki.lg.jp/uploaded/life/99448_194683_misc.pdf","https://www.city.shimonoseki.lg.jp/soshiki/44/99448.html | https://www.city.shimonoseki.lg.jp/uploaded/life/99448_194683_misc.pdf",""
"65265","https://j-izumi.com/policy/65265/detail","回復期リハビリテーション病棟等整備事業","","","","","4000万円","★★★★★","要相談","要相談","https://www.pref.chiba.lg.jp/iryou/taiseiseibi/kaihukukiriha/kaihukukiriha.html","https://www.pref.chiba.lg.jp/iryou/taiseiseibi/kaihukukiriha/kaihukukiriha.html",""
"65269","https://j-izumi.com/policy/65269/detail","キャリアアップ助成金（社会保険適用時処遇改善コース）","","","","","50万円/人","★★☆☆☆","要相談","要相談","https://www.mhlw.go.jp/content/001181138.pdf","https://www.mhlw.go.jp/stf/seisakunitsuite/bunya/koyou_roudou/koyou/kyufukin/syakaihoken_tekiyou.html | https://www.mhlw.go.jp/content/001181138.pdf | https://www.mhlw.go.jp/content/001295075.pdf | https://www.mhlw.go.jp/content/001310436.pdf | https://www.mhlw.go.jp/content/001482052.pdf | https://www.mhlw.go.jp/content/001297244.pdf | https://www.mhlw.go.jp/content/11910500/001469704.pdf | https://www.mhlw.go.jp/stf/seisakunitsuite/bunya/koyou_roudou/koyou/hellowork.html#whereishellowork",""
"65304","https://j-izumi.com/policy/65304/detail","宮城県離島航路補助金（運営費補助／離島住民運賃割引）","","","","","","★☆☆☆☆","要相談","要相談","https://www.pref.miyagi.jp/soshiki/soukou/ritou.html","https://www.pref.miyagi.jp/soshiki/soukou/ritou.html",""
"65305","https://j-izumi.com/policy/65305/detail","NPO法人設立のための補助金（多治見市特定非営利活動法人設立補助金）","","","","","5万円","★☆☆☆☆","要相談","要相談","https://www.city.tajimi.lg.jp/kurashi/shiminkatsudo/shien/hojokin.html","https://www.city.tajimi.lg.jp/kurashi/shiminkatsudo/shien/hojokin.html",""
"65327","https://j-izumi.com/policy/65327/detail","収入保険加入補助金","","","","","10万円","★☆☆☆☆","要相談","要相談","https://www.city.ise.mie.jp/sangyo/nourin/notice/1016361.html","https://www.city.ise.mie.jp/sangyo/nourin/notice/1016361.html",""
"65337","https://j-izumi.com/policy/65337/detail","石巻市マンガクリエイター家賃等補助金","","","","","5万円/月","★☆☆☆☆","要相談","要相談","https://www.city.ishinomaki.lg.jp/cont/10452000b/content/20231020113905.html","https://www.city.ishinomaki.lg.jp/cont/10452000b/content/20231020113905.html",""
"65361","https://j-izumi.com/policy/65361/detail","商店街施設整備支援事業（市町村振興総合補助金）","","","","","1,000万円","★★★★☆","要相談","要相談","https://www.pref.miyagi.jp/soshiki/syokokin/01-syoutengai-sisetsu.html","https://www.pref.miyagi.jp/soshiki/syokokin/01-syoutengai-sisetsu.html",""
"65392","https://j-izumi.com/policy/65392/detail","電気柵の購入、設置の費用を補助（有害鳥獣被害対策緊急事業費補助金）","","","","","10万円","★☆☆☆☆","要相談","要相談","https://www.town.shirataka.lg.jp/1320.htm","https://www.town.shirataka.lg.jp/1320.htm",""
"65403","https://j-izumi.com/policy/65403/detail","感染管理認定看護師教育課程受講促進事業費補助金","","","","","207万5000円/人","★★☆☆☆","要相談","要相談","https://www.pref.yamanashi.jp/imuka/kango/kansenkanrininteikangoshi.html","https://www.pref.yamanashi.jp/imuka/kango/kansenkanrininteikangoshi.html",""
"65407","https://j-izumi.com/policy/65407/detail","令和５年８月豪雨災害に係る個人設置橋復旧事業補助金","","","","","500万円","★☆☆☆☆","要相談","要相談","https://www.city.kuji.iwate.jp/kurashi/saigaibosai/bosai/202310041026.html","https://www.city.kuji.iwate.jp/kurashi/saigaibosai/bosai/202310041026.html",""
"65436","https://j-izumi.com/policy/65436/detail","LED防犯灯設置補助金（橿原市防犯灯設置補助金金）","","","","","2.9万円/1本","★☆☆☆☆","要相談","要相談","https://www.city.kashihara.nara.jp/material/files/group/26/5d8ab74d65909e0bcb67abed.pdf","https://www.city.kashihara.nara.jp/soshiki/1025/1/2/5/2321.html | https://www.city.kashihara.nara.jp/material/files/group/26/5d8ab74d65909e0bcb67abed.pdf",""
"65437","https://j-izumi.com/policy/65437/detail","郡山市スタートアップ支援補助金","","","","","60万円","★☆☆☆☆","要相談","要相談","https://www.city.koriyama.lg.jp/uploaded/attachment/69423.pdf","https://www.city.koriyama.lg.jp/soshiki/119/91135.html | https://www.city.koriyama.lg.jp/uploaded/attachment/69423.pdf",""
"65439","https://j-izumi.com/policy/65439/detail","南丹市猫不妊去勢手術等補助金","","","","","6,000円/匹","★☆☆☆☆","要相談","要相談","https://www.city.nantan.kyoto.jp/www/life/113/001/000/index_1000818.html","https://www.city.nantan.kyoto.jp/www/life/113/001/000/index_1000818.html",""
"65443","https://j-izumi.com/policy/65443/detail","デジタル技術活用促進助成事業（IT導入）","","","","","50万円","★☆☆☆☆","要相談","要相談","https://www.city.edogawa.tokyo.jp/documents/43530/ittirashi.pdf","https://www.city.edogawa.tokyo.jp/e093/shigotosangyo/jigyosha_oen/sangyo_jigyosya/jyosei/seisanseikojo/itdounyuu.html | https://www.city.edogawa.tokyo.jp/documents/43530/ittirashi.pdf",""
"65444","https://j-izumi.com/policy/65444/detail","子どもの居場所づくり支援事業補助金","","","","","20万円","★☆☆☆☆","要相談","要相談","https://www.city.azumino.nagano.jp/soshiki/23/104220.html","https://www.city.azumino.nagano.jp/soshiki/23/104220.html",""
"65448","https://j-izumi.com/policy/65448/detail","デジタル技術活用促進助成事業（専門家による事前診断・戦略策定等）","","","","","20万円","★☆☆☆☆","要相談","要相談","https://www.city.edogawa.tokyo.jp/documents/23283/senmonkatirashi.pdf","https://www.city.edogawa.tokyo.jp/e093/shigotosangyo/jigyosha_oen/sangyo_jigyosya/jyosei/seisanseikojo/supporter.html | https://www.city.edogawa.tokyo.jp/documents/23283/senmonkatirashi.pdf",""
"65464","https://j-izumi.com/policy/65464/detail","松前町農畜産物被害防止電気柵購入補助金","","","","","10万円","★☆☆☆☆","要相談","要相談","https://www.town.matsumae.hokkaido.jp/hotnews/detail/00002303.html","https://www.town.matsumae.hokkaido.jp/hotnews/detail/00002303.html",""
"65474","https://j-izumi.com/policy/65474/detail","農業次世代人材投資資金（経営開始型）","","","","","150万円/年","★☆☆☆☆","要相談","要相談","https://www.city.mishima.shizuoka.jp/ipn013054.html","https://www.city.mishima.shizuoka.jp/ipn013054.html",""
"65487","https://j-izumi.com/policy/65487/detail","地域活動支援センター経営事業費補助金","","","","","","★★★★☆","要相談","要相談","https://www.city.urayasu.lg.jp/fukushi/shogai/1010546/1010720.html","https://www.city.urayasu.lg.jp/fukushi/shogai/1010546/1010720.html",""
"65494","https://j-izumi.com/policy/65494/detail","糸満市景観形成重点地区助成金","","","","","100万円","★☆☆☆☆","要相談","要相談","https://www.city.itoman.lg.jp/uploaded/life/19415_29215_misc.pdf","https://www.city.itoman.lg.jp/soshiki/23/19415.html | https://www.city.itoman.lg.jp/uploaded/life/19415_29215_misc.pdf",""
"65497","https://j-izumi.com/policy/65497/detail","公共交通脱炭素化普及促進事業費補助金","","","","","1億円","★★★★★","要相談","要相談","https://www.city.utsunomiya.tochigi.jp/kurashi/kotsu/1033317/1033319.html","https://www.city.utsunomiya.tochigi.jp/kurashi/kotsu/1033317/1033319.html",""
"65501","https://j-izumi.com/policy/65501/detail","富良野市介護人材育成支援事業助成金交付事業","","","","","6万円/人","★☆☆☆☆","要相談","要相談","https://www.city.furano.hokkaido.jp/fs/3/3/6/7/9/_/010507_chirashi2.pdf","https://www.city.furano.hokkaido.jp/life/docs/2019050700028.html | https://www.city.furano.hokkaido.jp/fs/3/3/6/7/9/_/010507_chirashi2.pdf",""
"65534","https://j-izumi.com/policy/65534/detail","露地野菜生産拡大支援事業","","","","","40万円","★☆☆☆☆","要相談","要相談","https://www.city.moka.lg.jp/shigoto_sangyo/nogyo/hojo/21085.html","https://www.city.moka.lg.jp/shigoto_sangyo/nogyo/hojo/21085.html",""
"65542","https://j-izumi.com/policy/65542/detail","坂井市空家活用ビジネス支援事業補助金","","","","","50万円","★☆☆☆☆","要相談","要相談","https://www.city.fukui-sakai.lg.jp/syoukou/jigyosha/shokogyo/shien/akiyakatuyou.html","https://www.city.fukui-sakai.lg.jp/syoukou/jigyosha/shokogyo/shien/akiyakatuyou.html",""
"65547","https://j-izumi.com/policy/65547/detail","坂井市育児休業取得促進事業補助金","","","","","10万円/人","★☆☆☆☆","要相談","要相談","https://www.city.fukui-sakai.lg.jp/syoukou/jigyosha/shokogyo/shien/ikuji.html","https://www.city.fukui-sakai.lg.jp/syoukou/jigyosha/shokogyo/shien/ikuji.html",""
"65548","https://j-izumi.com/policy/65548/detail","坂井市空家リノベーション起業者育成事業補助金","","","","","300万円","★★☆☆☆","要相談","要相談","https://www.city.fukui-sakai.lg.jp/kikakuseisaku/kurashi/machi-zukuri/shinotorikumi/renovation.html","https://www.city.fukui-sakai.lg.jp/kikakuseisaku/kurashi/machi-zukuri/shinotorikumi/renovation.html",""
"65550","https://j-izumi.com/policy/65550/detail","坂井市商店街等振興事業","","","","","100万円","★☆☆☆☆","要相談","要相談","https://www.city.fukui-sakai.lg.jp/syoukou/jigyosha/shokogyo/shinko/shotengai-shinko.html","https://www.city.fukui-sakai.lg.jp/syoukou/jigyosha/shokogyo/shinko/shotengai-shinko.html",""
"65559","https://j-izumi.com/policy/65559/detail","消防団員・女性消防吏員確保対策事業費補助金","","","","","5万円/1名or1回","★☆☆☆☆","要相談","要相談","https://www.pref.oita.jp/soshiki/13560/kakuhotaisakuzigyouhojokinn.html","https://www.pref.oita.jp/soshiki/13560/kakuhotaisakuzigyouhojokinn.html",""
"65571","https://j-izumi.com/policy/65571/detail","泉佐野市特例子会社設置支援事業補助金","","","","","1億円","★★★★★","要相談","要相談","https://www.city.izumisano.lg.jp/kakuka/seicyou/omotenasi/menu/12109.html","https://www.city.izumisano.lg.jp/kakuka/seicyou/omotenasi/menu/12109.html",""
"65572","https://j-izumi.com/policy/65572/detail","地域猫活動を支援（不妊去勢手術の補助／川崎市地域猫活動サポーター登録制度）","","","","","8000円","★☆☆☆☆","要相談","要相談","https://www.city.kawasaki.jp/350/cmsfiles/contents/0000101/101755/r4chiikinekochirashi.pdf","https://www.city.kawasaki.jp/350/page/0000101755.html | https://www.city.kawasaki.jp/350/cmsfiles/contents/0000101/101755/r4chiikinekochirashi.pdf",""
"65574","https://j-izumi.com/policy/65574/detail","木造公共施設整備事業","","","","","","★★★☆☆","要相談","要相談","https://www.pref.kagoshima.jp/ad06/sangyo-rodo/rinsui/zyosei/ringyo/documents/9442_20180905134116-1.pdf","https://www.pref.kagoshima.jp/ad06/sangyo-rodo/rinsui/zyosei/ringyo/mokuzousisetsuseibi.html | https://www.pref.kagoshima.jp/ad06/sangyo-rodo/rinsui/zyosei/ringyo/documents/9442_20180905134116-1.pdf",""
"65639","https://j-izumi.com/policy/65639/detail","農業後継者等支援事業","","","","","120万円/年","★☆☆☆☆","要相談","要相談","https://www.city.miyakonojo.miyazaki.jp/soshiki/2/10104.html","https://www.city.miyakonojo.miyazaki.jp/soshiki/2/10104.html",""
"65648","https://j-izumi.com/policy/65648/detail","森林整備補助制度","","","","","","★☆☆☆☆","要相談","要相談","https://www.pref.fukushima.lg.jp/sec/36210a/zorin.html","https://www.pref.fukushima.lg.jp/sec/36210a/zorin.html",""
"65650","https://j-izumi.com/policy/65650/detail","かん水用機械等整備対策事業補助金","","","","","","★☆☆☆☆","要相談","要相談","https://www.city.sanjo.niigata.jp/sangyo_business/nogyoshien/17826.html","https://www.city.sanjo.niigata.jp/sangyo_business/nogyoshien/17826.html",""
"65671","https://j-izumi.com/policy/65671/detail","商店街活性化計画づくり支援事業（商学連携商業活性化支援事業）","","","","","100万円","★☆☆☆☆","要相談","要相談","https://www.city.kitakyushu.lg.jp/san-kei/file_0149.html","https://www.city.kitakyushu.lg.jp/san-kei/file_0149.html",""
"65672","https://j-izumi.com/policy/65672/detail","商店街活性化計画づくり支援事業（戦略的地域商業活性化支援事業）","","","","","200万円","★☆☆☆☆","要相談","要相談","https://www.city.kitakyushu.lg.jp/san-kei/file_0149.html","https://www.city.kitakyushu.lg.jp/san-kei/file_0149.html",""
"65710","https://j-izumi.com/policy/65710/detail","射水市婚活支援事業","","","","","10万円","★☆☆☆☆","要相談","要相談","https://www.city.imizu.toyama.jp/guide/svGuideDtl.aspx?servno=47055","https://www.city.imizu.toyama.jp/guide/svGuideDtl.aspx?servno=47055",""
"65713","https://j-izumi.com/policy/65713/detail","伊勢市事業所脱炭素化支援補助金","","","","","20万円","★☆☆☆☆","要相談","要相談","https://www.city.ise.mie.jp/kurashi/kankyo/hozen/1016470.html","https://www.city.ise.mie.jp/kurashi/kankyo/hozen/1016470.html",""
"65739","https://j-izumi.com/policy/65739/detail","御船町創業・新分野チャレンジ事業応援補助金","","","","","150万円","★☆☆☆☆","要相談","要相談","https://www.town.mifune.kumamoto.jp/page7913.html?type=top","https://www.town.mifune.kumamoto.jp/page7913.html?type=top",""
"65747","https://j-izumi.com/policy/65747/detail","長門市アウトドア環境保全活動補助金","","","","","1万円","★☆☆☆☆","要相談","要相談","https://www.city.nagato.yamaguchi.jp/soshiki/16/50420.html","https://www.city.nagato.yamaguchi.jp/soshiki/16/50420.html",""
"65758","https://j-izumi.com/policy/65758/detail","取手市空き店舗活用補助金","","","","","100万円","★☆☆☆☆","要相談","要相談","https://www.city.toride.ibaraki.jp/sanshin/jigyosha/shokogyo/akitenpo/akitenpohojo.html","https://www.city.toride.ibaraki.jp/sanshin/jigyosha/shokogyo/akitenpo/akitenpohojo.html",""
"65759","https://j-izumi.com/policy/65759/detail","浦安市自主防災組織防災器材等購入補助金","","","","","20万円","★☆☆☆☆","要相談","要相談","https://www.city.urayasu.lg.jp/todokede/anzen/bousai/1032547/1030828.html","https://www.city.urayasu.lg.jp/todokede/anzen/bousai/1032547/1030828.html",""
"65761","https://j-izumi.com/policy/65761/detail","山鹿市国際・地域間交流事業補助金","","","","","３０万円","★☆☆☆☆","要相談","要相談","https://www.city.yamaga.kumamoto.jp/kiji0031557/index.html","https://www.city.yamaga.kumamoto.jp/kiji0031557/index.html",""
"65772","https://j-izumi.com/policy/65772/detail","川辺町里地里山整備団体補助金","","","","","１０万円","★☆☆☆☆","要相談","要相談","https://www.kawabe-gifu.jp/wp-content/uploads/2023/04/%E3%80%8C%E5%B7%9D%E8%BE%BA%E7%94%BA%E9%87%8C%E5%9C%B0%E9%87%8C%E5%B1%B1%E6%95%B4%E5%82%99%E5%9B%A3%E4%BD%93%E8%A3%9C%E5%8A%A9%E9%87%91%E3%80%8D%E6%A1%88%E5%86%85%E3%83%81%E3%83%A9%E3%82%B7-1.pdf","https://www.kawabe-gifu.jp/?p=46748 | https://www.kawabe-gifu.jp/wp-content/uploads/2023/04/%E3%80%8C%E5%B7%9D%E8%BE%BA%E7%94%BA%E9%87%8C%E5%9C%B0%E9%87%8C%E5%B1%B1%E6%95%B4%E5%82%99%E5%9B%A3%E4%BD%93%E8%A3%9C%E5%8A%A9%E9%87%91%E3%80%8D%E6%A1%88%E5%86%85%E3%83%81%E3%83%A9%E3%82%B7-1.pdf",""
"65780","https://j-izumi.com/policy/65780/detail","令和5年度 事業経費助成 広域助成","","","","","150万円","★★☆☆☆","要相談","要相談","https://www.nara-akaihane.com/jyosei_info_38.html","https://www.nara-akaihane.com/jyosei_info_38.html",""
"65843","https://j-izumi.com/policy/65843/detail","耕作放棄地の整備費用を助成","","","","","5万円/10a","★☆☆☆☆","要相談","要相談","https://www.city.kashima.ibaraki.jp/soshiki/48/72966.html","https://www.city.kashima.ibaraki.jp/soshiki/48/72966.html",""
"65975","https://j-izumi.com/policy/65975/detail","甲斐市空家等除却費用補助金","","","","","50万円","★☆☆☆☆","要相談","要相談","https://www.city.kai.yamanashi.jp/material/files/group/19/akiyajokyakupr.pdf","https://www.city.kai.yamanashi.jp/soshikinogoannai/kensetsuka/kensetsusomukakari/2/1/9305.html | https://www.city.kai.yamanashi.jp/material/files/group/19/akiyajokyakupr.pdf",""
"65998","https://j-izumi.com/policy/65998/detail","合併処理浄化槽設置補助（浄化槽設置補助金）","","","","","242万9000円","★☆☆☆☆","要相談","要相談","https://www.town.hayakawa.yamanashi.jp/people/garbage/installation.html","https://www.town.hayakawa.yamanashi.jp/people/garbage/installation.html",""
"66001","https://j-izumi.com/policy/66001/detail","合併処理浄化槽設置補助（維持管理費補助金）","","","","","5000円/戸","★☆☆☆☆","要相談","要相談","https://www.town.hayakawa.yamanashi.jp/people/garbage/maintenance.html","https://www.town.hayakawa.yamanashi.jp/people/garbage/maintenance.html",""
"66037","https://j-izumi.com/policy/66037/detail","町内公民館建設費等補助金","","","","","3,600万円","★★★★☆","要相談","要相談","https://www.city.anjo.aichi.jp/kurasu/machidukuri/chonaikai/chonaikouminkan.html","https://www.city.anjo.aichi.jp/kurasu/machidukuri/chonaikai/chonaikouminkan.html",""
"66059","https://j-izumi.com/policy/66059/detail","障害福祉サービス等利用計画等普及促進事業補助金","","","","","40万円/年度","★☆☆☆☆","要相談","要相談","https://www.city.suita.osaka.jp/kenko/1018669/1022377/1029615.html","https://www.city.suita.osaka.jp/kenko/1018669/1022377/1029615.html",""
"66060","https://j-izumi.com/policy/66060/detail","相談支援従事者初任者研修受講料補助金","","","","","","★☆☆☆☆","要相談","要相談","https://www.city.suita.osaka.jp/kenko/1018669/1022377/1029615.html","https://www.city.suita.osaka.jp/kenko/1018669/1022377/1029615.html",""
"66061","https://j-izumi.com/policy/66061/detail","相談支援事業所借上費補助金","","","","","3万円/月","★☆☆☆☆","要相談","要相談","https://www.city.suita.osaka.jp/kenko/1018669/1022377/1029615.html","https://www.city.suita.osaka.jp/kenko/1018669/1022377/1029615.html",""
"66090","https://j-izumi.com/policy/66090/detail","京田辺市飼い主のいない猫の不妊去勢手術費補助金","","","","","5,000円/頭","★☆☆☆☆","要相談","要相談","https://www.city.kyotanabe.lg.jp/cmsfiles/contents/0000019/19743/chirashi.pdf","https://www.city.kyotanabe.lg.jp/0000019743.html | https://www.city.kyotanabe.lg.jp/cmsfiles/contents/0000019/19743/chirashi.pdf",""
"66106","https://j-izumi.com/policy/66106/detail","関市新規林業就業者支援補助金","","","","","3万円/月","★☆☆☆☆","要相談","要相談","https://www.city.seki.lg.jp/0000019651.html","https://www.city.seki.lg.jp/0000019651.html",""
"66126","https://j-izumi.com/policy/66126/detail","東海村クリーンエネルギー自動車普及促進補助金","","","","","100万円","★☆☆☆☆","要相談","要相談","https://www.vill.tokai.ibaraki.jp/material/files/group/8/tirasi-kojin.pdf","https://www.vill.tokai.ibaraki.jp/soshikikarasagasu/somminseikatsubu/kankyoseisakuka/1/2/2/9122.html | https://www.vill.tokai.ibaraki.jp/material/files/group/8/tirasi-kojin.pdf | https://www.vill.tokai.ibaraki.jp/material/files/group/8/tirasi-jigyousya.pdf",""
"66140","https://j-izumi.com/policy/66140/detail","洲本市若手人材確保奨学金返還応援(中小企業/社会福祉法人等)支援補助金","","","","","30万円","★☆☆☆☆","要相談","要相談","https://www.city.sumoto.lg.jp/uploaded/attachment/14159.pdf","https://www.city.sumoto.lg.jp/site/tunagarumachi/23966.html | https://www.city.sumoto.lg.jp/uploaded/attachment/14159.pdf",""
"66141","https://j-izumi.com/policy/66141/detail","姶良市空き店舗等活用事業補助金","","","","","8万円/月","★☆☆☆☆","要相談","要相談","http://www.city.aira.lg.jp/kigyo/sangyo/sangyo/akitenpo.html","http://www.city.aira.lg.jp/kigyo/sangyo/sangyo/akitenpo.html",""
"66145","https://j-izumi.com/policy/66145/detail","マイナンバーカード申請サポート・代理受領助成金","","","","","2,000円/人","★☆☆☆☆","要相談","要相談","https://www.city.miyazaki.miyazaki.jp/fs/7/7/6/0/2/5/_/776025.pdf","https://www.city.miyazaki.miyazaki.jp/life/juki/application/360204.html | https://www.city.miyazaki.miyazaki.jp/fs/7/7/6/0/2/5/_/776025.pdf",""
"66146","https://j-izumi.com/policy/66146/detail","長生村骨髄移植ドナー支援事業助成金","","","","","7万円","★☆☆☆☆","要相談","要相談","https://www.vill.chosei.chiba.jp/0000002171.html","https://www.vill.chosei.chiba.jp/0000002171.html",""
"66151","https://j-izumi.com/policy/66151/detail","企業等農業参入促進支援事業","","","","","500万円","★★★☆☆","要相談","要相談","https://www.pref.tottori.lg.jp/secure/948415/H31kigyou.pdf","https://www.pref.tottori.lg.jp/64664.htm#:~:text=%E4%BC%81%E6%A5%AD%E7%AD%89%E8%BE%B2%E6%A5%AD%E5%8F%82%E5%85%A5%E4%BF%83%E9%80%B2%E6%94%AF%E6%8F%B4%E4%BA%8B%E6%A5%AD | https://www.pref.tottori.lg.jp/secure/948415/H31kigyou.pdf",""
"66152","https://j-izumi.com/policy/66152/detail","がんばる農家プラン事業","","","","","","★☆☆☆☆","要相談","要相談","https://www.pref.tottori.lg.jp/193798.htm","https://www.pref.tottori.lg.jp/193798.htm",""
"66189","https://j-izumi.com/policy/66189/detail","6次産業化支援事業補助金","","","","","50万円","★☆☆☆☆","要相談","要相談","https://www.town.shimonita.lg.jp/nourin-kensetu/m03/m02/m02/05.html","https://www.town.shimonita.lg.jp/nourin-kensetu/m03/m02/m02/05.html",""
"66204","https://j-izumi.com/policy/66204/detail","保育士宿舎借り上げ支援事業補助金","","","","","月額6万1,500円/人","★☆☆☆☆","要相談","要相談","https://www.city.fujisawa.kanagawa.jp/hoiku/hoikushikakuho.html#:~:text=%E4%BF%9D%E8%82%B2%E5%A3%AB%E5%AE%BF%E8%88%8E%E5%80%9F%E3%82%8A%E4%B8%8A%E3%81%92%E6%94%AF%E6%8F%B4%E8%A3%9C%E5%8A%A9%E9%87%91","https://www.city.fujisawa.kanagawa.jp/hoiku/hoikushikakuho.html#:~:text=%E4%BF%9D%E8%82%B2%E5%A3%AB%E5%AE%BF%E8%88%8E%E5%80%9F%E3%82%8A%E4%B8%8A%E3%81%92%E6%94%AF%E6%8F%B4%E8%A3%9C%E5%8A%A9%E9%87%91",""
"66237","https://j-izumi.com/policy/66237/detail","富士市IT導入支援事業者等立地促進事業補助金","","","","","150万円","★★☆☆☆","要相談","要相談","https://www.city.fuji.shizuoka.jp/sangyo/c0303/rn2ola00000328ij-att/rn2ola00000328nc.pdf","https://www.city.fuji.shizuoka.jp/sangyo/c0303/rn2ola00000328ij.html | https://www.city.fuji.shizuoka.jp/sangyo/c0303/rn2ola00000328ij-att/rn2ola00000328nc.pdf",""
"66238","https://j-izumi.com/policy/66238/detail","新規就農者支援事業補助","","","","","100万円","★☆☆☆☆","要相談","要相談","https://www.town.kaneyama.fukushima.jp/uploaded/attachment/1345.pdf","https://www.town.kaneyama.fukushima.jp/soshiki/54/hojo-itiran.html | https://www.town.kaneyama.fukushima.jp/uploaded/attachment/1345.pdf",""
"66239","https://j-izumi.com/policy/66239/detail","令和5年度焼津市中心市街地空き店舗利活用事業補助金","","","","","40,000円/月","★☆☆☆☆","要相談","要相談","https://www.city.yaizu.lg.jp/g05-005/akitenpo.html","https://www.city.yaizu.lg.jp/g05-005/akitenpo.html",""
"66240","https://j-izumi.com/policy/66240/detail","農業用機械購入補助","","","","","300万円","★★☆☆☆","要相談","要相談","https://www.town.kaneyama.fukushima.jp/uploaded/attachment/1345.pdf","https://www.town.kaneyama.fukushima.jp/soshiki/54/hojo-itiran.html | https://www.town.kaneyama.fukushima.jp/uploaded/attachment/1345.pdf",""
"66241","https://j-izumi.com/policy/66241/detail","農林水産物活用生産・加工施設等支援","","","","","300万円","★★☆☆☆","要相談","要相談","https://www.town.kaneyama.fukushima.jp/uploaded/attachment/1345.pdf","https://www.town.kaneyama.fukushima.jp/soshiki/54/hojo-itiran.html | https://www.town.kaneyama.fukushima.jp/uploaded/attachment/1345.pdf",""
"66242","https://j-izumi.com/policy/66242/detail","地域特産農産物生産振興補助","","","","","","★☆☆☆☆","要相談","要相談","https://www.town.kaneyama.fukushima.jp/uploaded/attachment/1345.pdf","https://www.town.kaneyama.fukushima.jp/soshiki/54/hojo-itiran.html | https://www.town.kaneyama.fukushima.jp/uploaded/attachment/1345.pdf",""
"66244","https://j-izumi.com/policy/66244/detail","エゴマ作付奨励金","","","","","800円/kg","★☆☆☆☆","要相談","要相談","https://www.town.kaneyama.fukushima.jp/uploaded/attachment/1345.pdf","https://www.town.kaneyama.fukushima.jp/soshiki/54/hojo-itiran.html | https://www.town.kaneyama.fukushima.jp/uploaded/attachment/1345.pdf",""
"66248","https://j-izumi.com/policy/66248/detail","農業経営支援事業","","","","","3,000円/1反","★☆☆☆☆","要相談","要相談","https://www.town.kaneyama.fukushima.jp/uploaded/attachment/1345.pdf","https://www.town.kaneyama.fukushima.jp/soshiki/54/hojo-itiran.html | https://www.town.kaneyama.fukushima.jp/uploaded/attachment/1345.pdf",""
"66251","https://j-izumi.com/policy/66251/detail","狩猟免許等取得支援事業補助金","","","","","8万円","★☆☆☆☆","要相談","要相談","https://www.town.kaneyama.fukushima.jp/uploaded/attachment/1345.pdf","https://www.town.kaneyama.fukushima.jp/soshiki/54/hojo-itiran.html | https://www.town.kaneyama.fukushima.jp/uploaded/attachment/1345.pdf",""
"66262","https://j-izumi.com/policy/66262/detail","美浜町自主防災組織強化事業補助金","","","","","150万円","★☆☆☆☆","要相談","要相談","https://www.town.fukui-mihama.lg.jp/site/bousai/11262.html","https://www.town.fukui-mihama.lg.jp/site/bousai/11262.html",""
"66302","https://j-izumi.com/policy/66302/detail","耕作放棄地再生利用緊急対策交付金","","","","","5万円/10a","★☆☆☆☆","要相談","要相談","http://www.town.nishikawa.yamagata.jp/jigyo/02/jigyo17010001.html","http://www.town.nishikawa.yamagata.jp/jigyo/02/jigyo17010001.html",""
"66311","https://j-izumi.com/policy/66311/detail","地域安全安心促進交付金","","","","","2万円/台","★☆☆☆☆","要相談","要相談","https://www.city.hakodate.hokkaido.jp/docs/2014021200187/files/aopato.pdf","https://www.city.hakodate.hokkaido.jp/docs/2014021200187/ | https://www.city.hakodate.hokkaido.jp/docs/2014021200187/files/aopato.pdf",""
"66316","https://j-izumi.com/policy/66316/detail","牧之原市創業支援事業補助制度","","","","","70万円","★☆☆☆☆","要相談","要相談","https://www.city.makinohara.shizuoka.jp/uploaded/attachment/35744.pdf","https://www.city.makinohara.shizuoka.jp/soshiki/23/1676.html | https://www.city.makinohara.shizuoka.jp/uploaded/attachment/35744.pdf",""
"66330","https://j-izumi.com/policy/66330/detail","吉田町浄化槽設置費補助金","","","","","54万8千円","★☆☆☆☆","要相談","要相談","http://www.town.yoshida.shizuoka.jp/item/2043.htm#itemid2043","http://www.town.yoshida.shizuoka.jp/item/2043.htm#itemid2043",""
"66347","https://j-izumi.com/policy/66347/detail","住宅・建築物断熱改修等補助事業","","","","","30万円","★☆☆☆☆","要相談","要相談","https://www.city.sakai.lg.jp/kurashi/jutaku/shoenekaishu.html","https://www.city.sakai.lg.jp/kurashi/jutaku/shoenekaishu.html",""
"66350","https://j-izumi.com/policy/66350/detail","商店街灯の維持助成","","","","","4万4500円/基","★☆☆☆☆","要相談","要相談","http://www.city.shinjuku.lg.jp/seikatsu/file16_11_00003.html","http://www.city.shinjuku.lg.jp/seikatsu/file16_11_00003.html",""
"66351","https://j-izumi.com/policy/66351/detail","消防団員準中型自動車免許取得費補助金","","","","","10万円","★☆☆☆☆","要相談","要相談","https://www.city.shimotsuke.lg.jp/1952/info-0000008726-3.html","https://www.city.shimotsuke.lg.jp/1952/info-0000008726-3.html",""
"66370","https://j-izumi.com/policy/66370/detail","商店街地域力向上事業","","","","","40万円","★☆☆☆☆","要相談","要相談","https://www.city.koto.lg.jp/102030/shouogyou/chiikiryoku.html","https://www.city.koto.lg.jp/102030/shouogyou/chiikiryoku.html",""
"66373","https://j-izumi.com/policy/66373/detail","地域連携型商店街事業","","","","","2億円","★★★★★","要相談","要相談","https://www.city.koto.lg.jp/102030/shouogyou/chiikirenkei.html","https://www.city.koto.lg.jp/102030/shouogyou/chiikirenkei.html",""
"66400","https://j-izumi.com/policy/66400/detail","常勤職員の処遇向上","","","","","2万1,000円/月","★☆☆☆☆","要相談","要相談","https://www.city.sagamihara.kanagawa.jp/kosodate/1026602/kosodate/1026604/1019153/1024884.html","https://www.city.sagamihara.kanagawa.jp/kosodate/1026602/kosodate/1026604/1019153/1024884.html",""
"66407","https://j-izumi.com/policy/66407/detail","海外の事業（海外における人道活動や人材育成事業）","","","","","","★☆☆☆☆","要相談","要相談","https://www.nippon-foundation.or.jp/grant_application/programs/overseas","https://www.nippon-foundation.or.jp/grant_application/programs/overseas",""
"66408","https://j-izumi.com/policy/66408/detail","消防団活動に協力する事業所などに対する事業税の軽減措置","","","","","","★☆☆☆☆","要相談","要相談","https://www.town.kawazu.shizuoka.jp/jigyousha/shoubou_keigen/","https://www.town.kawazu.shizuoka.jp/jigyousha/shoubou_keigen/",""
"66432","https://j-izumi.com/policy/66432/detail","ごみステーション資機材購入事業補助金","","","","","2万円","★☆☆☆☆","要相談","要相談","https://www.city.tatsuno.lg.jp/kankyou/gomistation.html","https://www.city.tatsuno.lg.jp/kankyou/gomistation.html",""
"66435","https://j-izumi.com/policy/66435/detail","残農薬適正処理支援事業補助金","","","","","20万円","★☆☆☆☆","要相談","要相談","https://www.vill.achi.lg.jp/soshiki/33/zannnouyakuhozyo.html","https://www.vill.achi.lg.jp/soshiki/33/zannnouyakuhozyo.html",""
"66437","https://j-izumi.com/policy/66437/detail","農業経営持続化支援事業補助金","","","","","100万円","★☆☆☆☆","要相談","要相談","https://www.vill.achi.lg.jp/soshiki/33/nouzizokukahozyo.html","https://www.vill.achi.lg.jp/soshiki/33/nouzizokukahozyo.html",""
"66446","https://j-izumi.com/policy/66446/detail","農山漁村振興交付金（最適土地利用総合対策）","","","","","2,000万円","★★★★★","要相談","要相談","https://www.maff.go.jp/j/nousin/tikei/houkiti/attach/pdf/saitekitochiriyo-27.pdf","https://www.maff.go.jp/j/nousin/tikei/houkiti/saitekitochiriyo.html | https://www.maff.go.jp/j/nousin/tikei/houkiti/attach/pdf/saitekitochiriyo-27.pdf",""
"66470","https://j-izumi.com/policy/66470/detail","多面的機能支払交付金（農地維持支払交付金、資源向上支払交付金）","","","","","","★☆☆☆☆","要相談","要相談","https://www.town.nagomi.lg.jp/hpkiji/pub/detail.aspx?c_id=3&type=top&id=4287","https://www.town.nagomi.lg.jp/hpkiji/pub/detail.aspx?c_id=3&type=top&id=4287 | https://www.town.nagomi.lg.jp/common/UploadFileOutput.ashx?c_id=3&id=4287&sub_id=1&flid=17393",""
"66471","https://j-izumi.com/policy/66471/detail","魚沼市公衆無線LAN設置支援事業補助金","","","","","30万円","★☆☆☆☆","要相談","要相談","https://www.city.uonuma.lg.jp/page/1361.html","https://www.city.uonuma.lg.jp/page/1361.html",""
"66478","https://j-izumi.com/policy/66478/detail","合併処理浄化槽設置補助金","","","","","68万円","★☆☆☆☆","要相談","要相談","https://www.town.asakawa.fukushima.jp/health/kankyou/000107.html","https://www.town.asakawa.fukushima.jp/health/kankyou/000107.html",""
"66519","https://j-izumi.com/policy/66519/detail","須坂市子どもの居場所づくり支援事業交付金","","","","","","★☆☆☆☆","要相談","要相談","https://www.city.suzaka.nagano.jp/contents/event/event.php?p=x&id=18586&joho=eve&event=","https://www.city.suzaka.nagano.jp/contents/event/event.php?p=x&id=18586&joho=eve&event=",""
"66530","https://j-izumi.com/policy/66530/detail","空き家に関する補助金（老朽危険空き家等除却事業費補助金／空き家等除却事業費補助金）","","","","","50万円","★☆☆☆☆","要相談","要相談","https://www.town.fujisaki.lg.jp/index.cfm/7,18528,40,html","https://www.town.fujisaki.lg.jp/index.cfm/7,18528,40,html",""
"66535","https://j-izumi.com/policy/66535/detail","かほく市がけ地防災工事補助金","","","","","100万円","★☆☆☆☆","要相談","要相談","https://www.city.kahoku.lg.jp/001/156/159/d010772.html","https://www.city.kahoku.lg.jp/001/156/159/d010772.html",""
"66536","https://j-izumi.com/policy/66536/detail","かほく市がけ地災害復旧工事補助金","","","","","100万円","★☆☆☆☆","要相談","要相談","https://www.city.kahoku.lg.jp/001/156/159/d010771.html","https://www.city.kahoku.lg.jp/001/156/159/d010771.html",""
"66537","https://j-izumi.com/policy/66537/detail","カメムシなどの害虫駆除（金山町害虫駆除事業補助金）","","","","","2.1万円","★☆☆☆☆","要相談","要相談","https://www.town.kaneyama.fukushima.jp/soshiki/56/gaichu.html","https://www.town.kaneyama.fukushima.jp/soshiki/56/gaichu.html",""
"66571","https://j-izumi.com/policy/66571/detail","高畠町全国大会等出場支援補助金","","","","","18万円","★☆☆☆☆","要相談","要相談","https://www.town.takahata.yamagata.jp/kurashi/juminnokatahe/sports/834.html","https://www.town.takahata.yamagata.jp/kurashi/juminnokatahe/sports/834.html",""
"66583","https://j-izumi.com/policy/66583/detail","福岡市雑用水道奨励補助金","","","","","1160万円","★★★★☆","要相談","要相談","https://www.city.fukuoka.lg.jp/jutaku-toshi/shinsa/life/020_2.html","https://www.city.fukuoka.lg.jp/jutaku-toshi/shinsa/life/020_2.html",""
"66585","https://j-izumi.com/policy/66585/detail","排水設備工事補助金（相良村農業集落排水処理施設接続工事費補助金）","","","","","10万円","★☆☆☆☆","要相談","要相談","https://www.vill.sagara.lg.jp/q/aview/3/2059.html","https://www.vill.sagara.lg.jp/q/aview/3/2059.html",""
"66589","https://j-izumi.com/policy/66589/detail","飼い主のいない猫の不妊・去勢手術費用の補助（猫繁殖制限措置推進事業補助）","","","","","1万円/匹","★☆☆☆☆","要相談","要相談","https://www.city.yawatahama.ehime.jp/doc/2022110100027/file_contents/hojoseido_202304.pdf","https://www.city.yawatahama.ehime.jp/doc/2022110100027/ | https://www.city.yawatahama.ehime.jp/doc/2022110100027/file_contents/hojoseido_202304.pdf",""
"66617","https://j-izumi.com/policy/66617/detail","肉用牛遺伝的能力評価支援事業","","","","","3,500円/頭","★☆☆☆☆","要相談","要相談","http://www.town.makubetsu.lg.jp/kanko_sangyo/nogyo/thikusan/idenntekinouryokuhyoukashien.html","http://www.town.makubetsu.lg.jp/kanko_sangyo/nogyo/thikusan/idenntekinouryokuhyoukashien.html",""
"66620","https://j-izumi.com/policy/66620/detail","農業経営発展支援事業","","","","","1000万円","★★★☆☆","要相談","要相談","https://www.city.nagasaki.lg.jp/jigyo/370000/378000/p041275.html","https://www.city.nagasaki.lg.jp/jigyo/370000/378000/p041275.html",""